観測所名称,フリガナ,市町,水系名,河川名,データ所管,住所,緯度,経度,事務所,入力時使用
西部建設,セイブケンセツ,広島市南区,太田川,京橋川,河川課,広島市南区比治山本町１６－１２　西部建設事務所内,34.38166666666667,132.46666666666667,,1
上瀬野,カミセノ,広島市安芸区,瀬野川,瀬野川,河川課,広島市安芸区上瀬野瀬野川公園内,34.42833333333333,132.61805555555557,,1
熊野町,クマノチョウ,熊野町,二河川,二河川,河川課,安芸郡熊野町３８１５－１　熊野町役場内,34.33888888888889,132.56805555555556,,1
江波,エバ,広島市中区,太田川,天満川,砂防課,広島市中区江波西１丁目１番１３号,34.373111111111115,132.43583333333333,,1
福木,フクギ,広島市東区,太田川,小河原川,砂防課,広島市東区馬木９丁目１－２,34.44547222222222,132.53583333333333,,1
中山新町,ナカヤマシンマチ,広島市東区,太田川,中山川,砂防課,広島市東区中山新町２丁目８番１号,34.42086111111111,132.5,,1
楠那,クスナ,広島市南区,その他,沿岸部,砂防課,広島市南区楠那町５番７号,34.362722222222224,132.4861111111111,,1
己斐,コイ,広島市西区,太田川,"八幡川
放水路",砂防課,広島市西区己斐３丁目１２７番地,34.406527777777775,132.4175,,1
堂免橋,ドウメンバシ,広島市安佐北区,太田川,南原川,砂防課,広島市安佐北区可部町上町屋,34.55716666666667,132.51611111111112,,1
日浦,ヒウラ,広島市安佐北区,太田川,太田川,砂防課,広島市安佐北区安佐町大字あさひが丘９５５,34.50913888888889,132.4388888888889,,1
上原,ウエバラ,広島市安佐北区,太田川,太田川,砂防課,広島市安佐北区可部町上原,34.51119444444444,132.51666666666668,,1
揚倉山,アゲクラヤマ,府中町,太田川,八幡川,砂防課,安芸郡府中町大通３丁目５－１,34.394888888888886,132.52472222222224,,1
海田,カイタ,海田町,瀬野川,瀬野川,砂防課,安芸郡海田町幸町１０－１,34.36816666666667,132.545,,1
坂,サカ,坂町,単独河川,総頭川,砂防課,安芸郡坂町２９１２,34.33827777777778,132.51666666666668,,1
彩が丘,アヤガオカ,広島市佐伯区,八幡川,八幡川,砂防課,広島市佐伯区河内南２丁目１０番１号,34.410444444444444,132.3438888888889,,1
川根,カワネ,安芸高田市,江の川,田草川,砂防課,安芸高田市高宮町川根字篠原５５７９,34.82319444444445,132.65,,1
下甲立,シモコウタチ,安芸高田市,江の川,江の川,砂防課,安芸高田市甲田町下甲立６３９－２,34.71233333333333,132.76833333333335,,1
吉田町,ヨシダチョウ,安芸高田市,江の川,江の川,河川課,安芸高田市吉田町吉田字貴船１７８３,34.668055555555554,132.7011111111111,,1
八千代町,ヤチヨチョウ,安芸高田市,江の川,簸の川,河川課,安芸高田市八千代町佐々井１３６７　安芸高田市役所八千代支所内,34.620555555555555,132.60055555555556,,1
美土里町,ミドリチョウ,安芸高田市,江の川,本村川,河川課,安芸高田市美土里町本郷１７７５　安芸高田市役所美土里支所内,34.726111111111116,132.6175,,1
白木,シラキ,広島市安佐北区,太田川,三篠川,砂防課,広島市安佐北区白木町大字市川１４２８,34.553527777777774,132.6552777777778,,1
多治比,タジヒ,安芸高田市,江の川,於手保川,砂防課,安芸高田市吉田町多治比字於手保２６３１,34.68102777777778,132.6472222222222,,1
佐々部,ササベ,安芸高田市,江の川,生田川,砂防課,安芸高田市高宮町佐々部字大明神９９－４,34.78505555555555,132.72666666666666,,1
向原坂,ムカイハラサカ,安芸高田市,太田川,大土川,砂防課,安芸高田市向原町坂字松田２１５７－６,34.60930555555556,132.73749999999998,,1
桑田,クワタ,安芸高田市,江の川,桑田川,砂防課,安芸高田市美土里町桑田字大谷３１－１,34.75802777777778,132.60916666666665,,1
奥畑,オクハタ,広島市安佐南区,太田川,奥畑川,砂防課,広島市安佐南区沼田町大字伴奥畑地先,34.45861111111111,132.3675,,1
五月が丘,サツキガオカ,広島市佐伯区,八幡川,石内川,砂防課,広島市佐伯区五月が丘２丁目２３－１,34.42016666666667,132.405,,1
五日市観音,イツカイチカンノン,広島市佐伯区,単独河川,岡ノ下川,砂防課,広島市佐伯区坪井３丁目８８,34.37916666666667,132.3388888888889,,1
井口台,イノクチダイ,広島市西区,その他,沿岸部,砂防課,広島市西区井口台３丁目５－１,34.379583333333336,132.38111111111112,,1
牛田早稲田,ウシタワセダ,広島市東区,太田川,二又川,砂防課,広島市東区牛田早稲田４丁目９－１,34.418527777777776,132.48083333333332,,1
祇園山本,ギオンヤマモト,広島市安佐南区,太田川,東山本川,砂防課,広島市安佐南区山本町方置山１５１４－１地先,34.44555555555555,132.4338888888889,,1
大柿町,オオガキチョウ,江田島市,その他,沿岸部,河川課,江田島市大柿町大原１２７４－３,34.172777777777775,132.4511111111111,,1
秋月,アキヅキ,江田島市,その他,沿岸部,砂防課,江田島市江田島町秋月二丁目５２７２－３,34.22830555555556,132.4911111111111,,1
中町,ナカマチ,江田島市,その他,沿岸部,砂防課,江田島市能美町中町２３３２,34.22108333333333,132.43861111111113,,1
菅沢,スガサワ,広島市佐伯区,太田川,水内川,砂防課,広島市佐伯区湯来町大字菅沢字向志割５３１番地地先,34.48097222222222,132.25861111111112,,1
瀬戸内ハイツ,セトウチハイツ,広島市安佐南区,太田川,安川,河川課,安佐南区沼田町伴瀬戸内第３公園内,34.474444444444444,132.41694444444443,,1
杉並台,スギナミダイ,広島市佐伯区,八幡川,八幡川,砂防課,広島市佐伯区杉並台６４－１８,34.431999999999995,132.30027777777778,,1
高祖,コウソ,江田島市,その他,沿岸部,砂防課,江田島市沖美町高祖１０９－４９,34.25961111111111,132.40083333333334,,1
蒲刈大浦,カマガリオオウラ,呉市,その他,沿岸部,砂防課,呉市蒲刈町大浦１３４７,34.17783333333333,132.74888888888887,,1
豊島,トヨシマ,呉市,その他,沿岸部,砂防課,呉市豊浜町大字豊島３６９０,34.17461111111111,132.79638888888888,,1
内海,ウチノウミ,呉市,野呂川,中畑川,砂防課,呉市安浦町大字内海１３１,34.28183333333333,132.7408333333333,,1
呉支所,クレシショ,呉市,二賀川,二河川,河川課,呉市西中央１－３－２５　西部建設事務所呉支所内,34.246944444444445,132.55055555555558,,1
蒲刈町,カマガリチョウ,呉市,その他,沿岸部,河川課,呉市蒲刈町宮盛１－２,34.197222222222216,132.71805555555557,,1
焼山,ヤケヤマ,呉市,二賀川,二河川,砂防課,呉市焼山宮ヶ迫１丁目３－１,34.298138888888886,132.5536111111111,,1
郷原,ゴウハラ,呉市,黒瀬川,長谷川,砂防課,呉市郷原町１５８４番地の１,34.30019444444444,132.63472222222222,,1
呉,クレ,呉市,堺川,堺川,砂防課,呉市東畑２丁目７－３８,34.25383333333333,132.58694444444444,,1
広,ヒロ,呉市,黒瀬川,黒瀬川,砂防課,呉市広中迫町４の１,34.246694444444444,132.62916666666666,,1
小坪,コツボ,呉市,その他,沿岸部,砂防課,呉市広小坪一丁目２４－１,34.20791666666667,132.6338888888889,,1
仁方,ニガタ,呉市,その他,沿岸部,砂防課,呉市仁方本町一丁目６－６,34.22266666666667,132.65305555555557,,1
警固屋,ケゴヤ,呉市,その他,沿岸部,砂防課,呉市見晴一丁目,34.2,132.53444444444443,,1
波多見,ハタミ,呉市,その他,沿岸部,砂防課,呉市音戸町波多見９－１１－１,34.175777777777775,132.54611111111112,,1
宇和木,ウワギ,呉市,その他,沿岸部,砂防課,呉市倉橋町５９２６－２,34.12916666666667,132.48472222222222,,1
田戸,タド,呉市,その他,沿岸部,砂防課,呉市蒲刈町田戸大字十年,34.19758333333333,132.72472222222223,,1
下蒲刈,シモカマガリ,呉市,その他,沿岸部,砂防課,呉市下蒲刈町下島２１１９,34.19308333333333,132.67749999999998,,1
大長,オオチョウ,呉市,その他,沿岸部,砂防課,呉市豊町大長６８１５－２,34.18586111111111,132.85472222222222,,1
川尻,カワジリ,呉市,その他,沿岸部,砂防課,呉市川尻町原山二丁目５４５０－４,34.241,132.68333333333334,,1
斎島,イツキシマ,呉市,その他,沿岸部,砂防課,呉市豊浜町斎島,34.11902777777778,132.79305555555555,,1
尾曽郷,オソゴウ,呉市,その他,沿岸部,砂防課,呉市倉橋町尾曽郷,34.093250000000005,132.49916666666667,,1
室尾,ムロオ,呉市,その他,沿岸部,砂防課,呉市倉橋町１１１６－１,34.1,132.5402777777778,,1
天応,テンノウ,呉市,その他,沿岸部,砂防課,呉市天応大浜二丁目１－６４,34.28755555555556,132.51555555555555,,1
田原,タハラ,呉市,その他,沿岸部,砂防課,呉市音戸町渡子３－１６－１,34.18655555555555,132.50722222222223,,1
原,ハラ,廿日市市,単独河川,可愛川,砂防課,廿日市市原４３９－２,34.36991666666667,132.3052777777778,,1
廿日市支所,ハツカイチシショ,廿日市市,その他,沿岸部,河川課,廿日市市桜尾本町１１－１　西部建設事務所廿日市支所内,34.35727777777778,132.34305555555557,,1
大野,オオノ,廿日市市,その他,沿岸部,河川課,廿日市市大野１－１－１　廿日市市役所大野支所内,34.28666666666666,132.2675,,1
吉和,ヨシワ,廿日市市,太田川,太田川,河川課,廿日市市吉和花原女鹿平８０２－２,34.4825,132.13333333333333,,1
馬の口,ウマノクチ,廿日市市,その他,沿岸部,砂防課,廿日市市大野町字馬の口２６４５－１,34.302305555555556,132.23472222222222,,1
栗谷,クリタニ,大竹市,小瀬川,玖島川,砂防課,大竹市栗谷町小栗林字大木場２１７,34.308638888888886,132.15722222222223,,1
大竹市,オオタケシ,大竹市,その他,沿岸部,砂防課,大竹市小方一丁目１１－１,34.237972222222226,132.22194444444446,,1
宮島町,ミヤジマチョウ,廿日市市,その他,沿岸部,砂防課,廿日市市宮島町１１７０－２,34.29611111111111,132.3011111111111,,1
浅原,アサハラ,廿日市市,小瀬川,小瀬川,砂防課,廿日市市浅原２６６２－３,34.34330555555556,132.13666666666666,,1
友和,ユウワ,廿日市市,小瀬川,玖島川,砂防課,廿日市市友田１９,34.35866666666667,132.2263888888889,,1
佐伯,サエキ,廿日市市,小瀬川,林川,砂防課,廿日市市津田１９８９,34.3675,132.16777777777776,,1
玖島,クジマ,廿日市市,小瀬川,玖島川,砂防課,廿日市市玖島４３２３,34.39111111111111,132.25,,1
安芸太田支所,アキオオタシショ,安芸太田町,太田川,丁川,河川課,山県郡安芸太田町大字加計３０８７　西部建設事務所安芸太田支所内,34.61194444444445,132.3175,,1
芸北,ゲイホク,北広島町,太田川,滝山川,河川課,山県郡北広島町南門原葉山３８－２,34.75666666666667,132.26777777777778,,1
杉ノ泊,スギノトマリ,安芸太田町,太田川,太田川,砂防課,山県郡安芸太田町大字下殿河内字南山２２７番地の１,34.615972222222226,132.27416666666667,,1
江河内,エゴウチ,安芸太田町,太田川,太田川,砂防課,山県郡安芸太田町大字下殿河内３２２４番地の１,34.590500000000006,132.2838888888889,,1
水谷,ミズタニ,安芸太田町,太田川,丁川,砂防課,山県郡安芸太田町大字加計字水谷５８０番地の１,34.61225,132.3536111111111,,1
黒峠,クロダオ,安芸太田町,太田川,西宗川,砂防課,山県郡安芸太田町大字穴字黒峠５９１番地の１,34.56927777777778,132.3661111111111,,1
猪山,イノシヤマ,安芸太田町,太田川,太田川,砂防課,山県郡安芸太田町大字猪山６５８－５,34.661944444444444,132.31,,1
高野,タカノ,北広島町,太田川,高野川,砂防課,山県郡北広島町高野字毛地１９７－１０,34.758583333333334,132.3777777777778,,1
二川,フタゴウ,北広島町,太田川,柴木川,砂防課,山県郡北広島町東八幡原字二川５－１,34.717777777777776,132.19694444444445,,1
川小田,カワコダ,北広島町,太田川,滝山川,砂防課,山県郡北広島町川小田字出賀原９０５－６,34.7325,132.2861111111111,,1
大塚,オオツカ,北広島町,江の川,大塚川,砂防課,山県郡北広島町大塚字岩崎２２５３－１,34.78019444444444,132.4463888888889,,1
川戸,カワド,北広島町,江の川,江の川,砂防課,山県郡北広島町川戸字辻田２５６７,34.73252777777778,132.51666666666668,,1
新都,シント,北広島町,江の川,冠川,砂防課,山県郡北広島町新都２２７－２４,34.65691666666667,132.50694444444446,,1
中原,ナカバラ,北広島町,太田川,西宗川,砂防課,山県郡北広島町中原字湯川谷１４００－１,34.68102777777778,132.42,,1
吉木,ヨシキ,北広島町,太田川,吉木川,砂防課,山県郡北広島町吉木字大坪２４４４－３,34.62675,132.4336111111111,,1
中ノ原,ナカノハラ,安芸太田町,太田川,太田川,砂防課,山県郡安芸太田町中ノ原地先,34.562777777777775,132.3038888888889,,1
布原,ヌノハラ,安芸太田町,太田川,筒賀川,砂防課,山県郡安芸太田町大字上筒賀布原地先,34.53616666666667,132.19666666666666,,1
新庄,シンジョウ,竹原市,賀茂川,賀茂川,砂防課,竹原市新庄町町田１９８１－２,34.38422222222222,132.8838888888889,,1
黒瀬町,クロセチョウ,東広島市,黒瀬川,神洗川,河川課,東広島市黒瀬町字丸山１３３３　東広島市役所黒瀬支所内,34.324444444444445,132.6675,,1
河内,コウチ,東広島市,沼田川,椋梨川,河川課,東広島市河内町大字中河内字室木１３１８,34.471944444444446,132.88416666666666,,1
高美が丘,タカミガオカ,東広島市,沼田川,胡麻川,砂防課,東広島市高屋高美が丘一丁目,34.45738888888889,132.79222222222222,,1
郷曽,ゴウソ,東広島市,黒瀬川,黒瀬川,砂防課,東広島市西条町郷曽今田,34.38227777777778,132.72083333333333,,1
久芳,クバ,東広島市,沼田川,谷河内川,砂防課,東広島市福富町久芳金口１５３９－３,34.53583333333333,132.77861111111113,,1
吉原,ヨシワラ,東広島市,江の川,敷地川,砂防課,東広島市豊栄町吉原兼石１０９４番地先,34.602916666666665,132.85277777777776,,1
田万里,タマリ,竹原市,賀茂川,田万里川,砂防課,竹原市田万里町１２４１番地,34.40863888888889,132.8388888888889,,1
小梨,オナシ,竹原市,沼田川,尾原川,砂防課,竹原市小梨町字横走１８８７－２,34.370472222222226,132.91416666666666,,1
東広島支所,ヒガシヒロシマシショ,東広島市,黒瀬川,半尾川,河川課,東広島市西条昭和町１３－１０　西部建設事務所東広島支所内,34.42527777777777,132.73416666666665,,1
志和東,シワヒガシ,東広島市,太田川,東川,砂防課,東広島市志和町志和東六日市８１０－１番地先,34.488083333333336,132.67694444444444,,1
下三永,シモミナガ,東広島市,黒瀬川,三永川,河川課,東広島市西条町大字下三永,34.39694444444444,132.76666666666668,,1
吉川,ヨシカワ,東広島市,黒瀬川,古河川,河川課,東広島市八本松町大字吉川,34.39694444444444,132.6675,,1
篠,ササ,東広島市,黒瀬川,黒瀬川,河川課,東広島市八本松町大字篠地内,34.476111111111116,132.71722222222223,,1
三津,ミツ,東広島市,単独河川,三津大川,河川課,東広島市安芸津町大字三津２６３５地先,34.32916666666667,132.81666666666666,,1
大崎町,オオサキチョウ,大崎上島町,その他,沿岸部,河川課,豊田郡大崎上島町中野２０６７－１　大崎上島町役場大崎支所,34.24194444444444,132.8838888888889,,1
上組,カミグミ,大崎上島町,その他,沿岸部,砂防課,豊田郡大崎上島町東野下中垣内３４２４，３４２５番地,34.25763888888889,132.91611111111112,,1
岩伏,イワブシ,東広島市,単独河川,三津大川,砂防課,東広島市安芸津町岩伏,34.35786111111111,132.81555555555556,,1
明石,アカシ,大崎上島町,その他,沿岸部,砂防課,豊田郡大崎上島町沖浦字水野元１２７番地,34.20997222222223,132.88416666666666,,1
竹原,タケハラ,竹原市,賀茂川,賀茂川,河川課,竹原市竹原町吉崎,34.33527777777778,132.9,,1
仁賀ダム,ニカダム,竹原市,賀茂川,賀茂川,"河川課
ダムG",竹原市仁賀町,34.37694444444445,132.83416666666668,,1
東部建設,トウブケンセツ,福山市,その他,沿岸部,河川課,福山市三吉町１－１－１　東部建設事務所内,34.49388888888889,133.36722222222224,,1
上安井,カミヤスイ,福山市,芦田川,神谷川,河川課,福山市新市町大字上安井２－４地先,34.588055555555556,133.26666666666668,,1
加茂,カモ,福山市,芦田川,加茂川,河川課,福山市加茂町芦原字出雲８１５－２地先,34.58861111111111,133.35055555555556,,1
沼隈町,ヌマクマチョウ,福山市,山南川,山南川,河川課,福山市沼隈町大字草深１８８９－６,34.390277777777776,133.31666666666666,,1
井関,イゼキ,神石高原町,芦田川,父尾川,河川課,神石郡神石高原町大字坂ノ瀬川１１２４－１地先,34.68,133.29749999999999,,1
瀬戸,セト,福山市,芦田川,瀬戸川,砂防課,福山市瀬戸町長和嫁田４３７－１,34.4835,133.33333333333334,,1
南松永,ミナミマツナガ,福山市,藤井川,藤井川,砂防課,福山市南松永町４丁目３０,34.429805555555554,133.25083333333333,,1
羽高,ハダカ,府中市,芦田川,御調川,砂防課,府中市諸毛町羽高３０００,34.56052777777777,133.16611111111112,,1
大浦,オオウラ,福山市,その他,沿岸部,砂防課,福山市内海町大浦乙７８１,34.36877777777778,133.30694444444447,,1
田尻,タジリ,福山市,芦田川,論田川,砂防課,福山市田尻町,34.419666666666664,133.37416666666667,,1
山野,ヤマノ,福山市,高梁川,小田川,砂防課,福山市山野町山野,34.65402777777778,133.39138888888888,,1
古市,フルイチ,福山市,芦田川,中溝川,砂防課,福山市神辺町大字川北,34.54655555555556,133.38777777777776,,1
二森,フタモリ,府中市,江の川,上下川,河川課,府中市上下町二森字下陰地２０－１地先,34.70263888888889,133.13694444444442,,1
神石町,ジンセキチョウ,神石高原町,高梁川,高光川,河川課,神石郡神石高原町高光２５５９　神石高原町役場神石支所内,34.80027777777777,133.1675,,1
川南,カワミナミ,神石高原町,芦田川,矢多田川,砂防課,神石郡神石高原町高蓋１６０２－２,34.67411111111111,133.20555555555555,,1
油木安田,ユキヤスダ,神石高原町,高梁川,安田川,砂防課,神石郡神石高原町安田字行司向,34.766666666666666,133.27555555555557,,1
下豊松,シモトヨマツ,神石高原町,高梁川,仁吾川,砂防課,神石郡神石高原町下豊松４２９,34.775083333333335,133.3402777777778,,1
梶山田,カジヤマダ,尾道市,本郷川,小原川,河川課,尾道市原田町梶山田６６番地,34.49527777777778,133.20138888888889,,1
三原支所,ミハラシショ,三原市,沼田川,沼田川,河川課,三原市円一町２－４－１　東部建設事務所三原支所内,34.39361111111111,133.0675,,1
甲原,キネハラ,三原市,沼田川,天井川,河川課,三原市小泉町甲原甲原橋東詰,34.36944444444445,132.9675,,1
本谷,ホンタニ,三原市,沼田川,善入寺川,河川課,三原市本郷町本谷観音寺前,34.42472222222222,132.91666666666666,,1
菅川橋,スゲカワバシ,三原市,沼田川,菅川,河川課,三原市本郷町大字船木字佐用沖２５１３番地先,34.42944444444444,132.96777777777777,,1
高尾,タカオ,尾道市,芦田川,御調川,砂防課,尾道市御調町高尾,34.517944444444446,133.13694444444442,,1
美之郷,ミノゴウ,尾道市,藤井川,藤井川,河川課,尾道市美ノ郷町中野寺前橋西詰,34.44777777777777,133.15055555555557,,1
因島,インノシマ,尾道市,その他,沿岸部,河川課,尾道市因島土生町７－４　尾道市役所因島総合支所内,34.294444444444444,133.16694444444443,,1
和木,ワギ,三原市,沼田川,椋梨川,砂防課,三原市大和町和木４５０番地内,34.508916666666664,132.92222222222222,,1
西野,ニシノ,三原市,単独河川,西野川,砂防課,三原市西野町大西,34.40577777777778,133.0588888888889,,1
末光,スエミツ,三原市,沼田川,天井川,砂防課,三原市沼田東町末光,34.37744444444444,133.0277777777778,,1
須波,スナミ,三原市,その他,沿岸部,砂防課,三原市鷺浦町須波,34.3525,133.1011111111111,,0
外浦,トノウラ,尾道市,その他,沿岸部,砂防課,尾道市因島外浦町９３３－１,34.33072222222223,133.18666666666667,,1
林,ハヤシ,尾道市,その他,沿岸部,砂防課,尾道市瀬戸田町林１３３０－４,34.30497222222222,133.1052777777778,,1
吉田,ヨシダ,三原市,芦田川,大谷川,砂防課,三原市久井町吉田３８５－４,34.54819444444444,133.06694444444443,,1
有井,アリイ,尾道市,その他,沿岸部,砂防課,尾道市向島町有井,34.38161111111111,133.18333333333334,,1
黒川,クロガワ,世羅町,江の川,美波羅川,砂防課,世羅郡世羅町大字黒川５２７－１７,34.6435,132.89805555555554,,1
安田,ヤスダ,世羅町,江の川,水別川,河川課,世羅郡世羅町大字安田字五反田２８９７地先,34.638333333333335,133.00055555555556,,1
別迫,ベッサコ,世羅町,芦田川,砂田川,砂防課,世羅郡世羅町大字別迫字北垣内１１３５番地,34.625638888888886,133.06972222222223,,1
野間川ダム,ノマガワダム,三原市,芦田川,野間川,"河川課
ダムG",三原市久井町吉田,34.529444444444444,133.06666666666666,,1
北部建設,ホクブケンセツ,三次市,江の川,北溝川,河川課,三次市十日市東４－６－１　北部建設事務所内,34.80472222222222,132.85083333333333,,1
上壱,カミイチ,三次市,江の川,美波羅川,河川課,三次市三和町上壱２７６８－３地先,34.65083333333333,132.8511111111111,,1
三次石原,ミヨシイシハラ,三次市,江の川,美波羅川,河川課,三次市石原町４８－１地先,34.72555555555556,132.88472222222222,,1
南畑敷,ミナミハタジキ,三次市,江の川,馬洗川,砂防課,三次市南畑敷町３５４,34.80672222222222,132.875,,1
青河,アオガ,三次市,江の川,小似川,砂防課,三次市青河町原田,34.76141666666667,132.81944444444443,,1
櫃田,ヒツタ,三次市,江の川,神野瀬川,砂防課,三次市君田町櫃田６８－６,34.95,132.82666666666665,,1
東入君,ヒガシイリギミ,三次市,江の川,神野瀬川,砂防課,三次市君田町東入君字大柳３７１－２,34.87713888888889,132.85805555555555,,1
横谷,ヨコタニ,三次市,江の川,中郷川,砂防課,三次市布野町横谷字瀬戸７７４－１,34.923361111111106,132.75583333333333,,1
ゆめランド,ユメランド,三次市,江の川,布野川,砂防課,三次市布野町下布野字大谷６６１－１,34.85502777777778,132.79749999999999,,1
敷地,シキジ,三次市,江の川,矢井川,砂防課,三次市吉舎町敷地字小林２２４７－２,34.74738888888889,132.96527777777777,,1
仁賀,ニカ,三次市,江の川,仮屋谷川,砂防課,三次市三良坂町仁賀字仁賀１３６２－１,34.79130555555555,132.9775,,1
作木西野,サクギニシノ,三次市,江の川,作木川,砂防課,三次市作木町西野字本郷１７５－４,34.900083333333335,132.73805555555555,,1
甲奴本郷,コウヌホンゴウ,三次市,江の川,上下川,砂防課,三次市甲奴町本郷字トン迫９１７番地,34.70097222222223,133.0836111111111,,1
竹地谷,タケチダニ,庄原市,江の川,竹地川,砂防課,庄原市口和町竹地谷字中本谷１９３－５,34.9405,132.87861111111113,,1
永田,ナガタ,庄原市,江の川,湯木川,砂防課,庄原市口和町永田字宮沖甲９,34.894083333333334,132.92666666666665,,1
中領家,ナカリョウケ,庄原市,江の川,田総川,砂防課,庄原市総領町中領家字小迫５５１－１,34.79430555555555,133.10055555555556,,1
庄原支所,ショウバラシショ,庄原市,江の川,戸郷川,河川課,庄原市東本町１－４－１　北部建設事務所庄原支所内,34.85944444444445,133.01666666666668,,1
川北,カワキタ,庄原市,江の川,大津恵川,砂防課,庄原市川北町上重行１４３１－３,34.92922222222222,133.04055555555556,,1
戸郷川,トゴウガワ,庄原市,江の川,戸郷川,砂防課,庄原市板橋町字西原沖５０－１,34.85,133.0013888888889,,1
本村町,ホンムラチョウ,庄原市,江の川,本村川,砂防課,庄原市本村町中山,34.87652777777778,133.12055555555557,,1
西城中野,サイジョウナカノ,庄原市,江の川,西城川,砂防課,庄原市西城町中野字網立６５０－８,34.94605555555555,133.11972222222224,,1
比和,ヒワ,庄原市,江の川,比和川,河川課,庄原市比和町大字比和１１１９－１地先　,34.983333333333334,132.98333333333332,,1
高暮,コウボ,庄原市,江の川,神野瀬川,砂防課,庄原市高野町高暮字中組５３９,35.017583333333334,132.83138888888888,,1
新市,シンイチ,庄原市,江の川,神野瀬川,砂防課,庄原市高野町新市字柏奥１７７－１,35.03647222222222,132.91472222222222,,1
川東,カワヒガシ,庄原市,高梁川,福代川,砂防課,庄原市東城町川東２２３,34.90061111111111,133.27972222222223,,1
小瀬川ダム,オゼガワダム,廿日市市,小瀬川,小瀬川,"河川課
ダムG",廿日市市浅原字前中山１０３０－２７,34.30888888888889,132.11722222222224,,1
栗栖,クリス,廿日市市,小瀬川,小瀬川,"河川課
ダムG",廿日市市栗栖字小浜２７１－４,34.375,132.1338888888889,,1
魚切ダム,ウオキリダム,広島市佐伯区,八幡川,八幡川,"河川課
ダムG",広島市佐伯区五日市町大字上河内上山之内トチガ谷９９８－７,34.42833333333333,132.31777777777776,,1
重光,シゲミツ,広島市佐伯区,八幡川,八幡川,"河川課
ダムG",広島市佐伯区湯来町大字白砂字下重光９７９－７,34.429805555555554,132.2861111111111,,1
後畑,ウシロハタ,廿日市市,八幡川,木末川,"河川課
ダムG",廿日市市大字原字北後畑２３７６－２,34.404444444444444,132.30055555555558,,1
野呂川ダム,ノロガワ,呉市,野呂川,野呂川,"河川課
ダムG",呉市安浦町大字中畑６４１－１１,34.28911111111111,132.7097222222222,,1
椋梨ダム,ムクナシダム,東広島市,沼田川,椋梨川,"河川課
ダムG",東広島市河内町大字小田字内ヶ平１４７０－３,34.50252777777778,132.89305555555555,,1
下徳良,シモトクラ,三原市,沼田川,徳良川,"河川課
ダムG",三原市大和町大字下徳良字陰地５３－１,34.54033333333333,132.95138888888889,,1
造賀,ソウガ,東広島市,沼田川,造賀川,"河川課
ダムG",東広島市高屋町大字造賀甲１９－１４,34.48527777777778,132.7511111111111,,1
乃美,ノミ,東広島市,沼田川,椋梨川,"河川課
ダムG",東広島市豊栄町大字鍛冶屋字仲山３４１,34.56805555555556,132.81777777777776,,1
福富ダム,フクトミダム,東広島市,沼田川,谷河内川,"河川課
ダムG",東広島市福富町久芳,34.530277777777776,132.7675,,1
甲山,コウザン,世羅町,芦田川,芦田川,農業基盤課,世羅郡世羅町西上原宮田垣内１０７－１,34.584722222222226,133.05055555555558,,1
三川,ミカワ,世羅町,芦田川,芦田川,農業基盤課,世羅郡世羅町伊尾城ヶ平６６５－４,34.615,133.10055555555556,,1
賀茂,カモ,世羅町,芦田川,芦田川,農業基盤課,世羅郡世羅町賀茂正田２６６０－１,34.57888888888889,132.9675,,1
七社,ナナヤシロ,福山市,芦田川,芦田川,農業基盤課,福山市駅家町下山守３７８－２,34.528055555555554,133.33416666666668,,1
四川,シカワ,福山市,芦田川,四川,"河川課
ダムG",福山市加茂町字北山,34.599722222222226,133.3336111111111,,1
御調,ミツギ,尾道市,芦田川,御調川,"河川課
ダムG",尾道市御調町大字津蟹字西垣内１２７－３　監視制御所,34.50138888888889,133.0675,,1
江木,エギ,三原市,芦田川,御調川,"河川課
ダムG",三原市久井町大字江木字石田１４１３－５,34.54333333333333,133.01805555555558,,1
山田川ダム,ヤマダガワダム,世羅町,芦田川,砂田川,"河川課
ダムG",世羅郡世羅町別迫,34.63666666666666,133.06722222222223,,1
梶毛ダム,カジケダム,広島市佐伯区,八幡川,梶毛川,"河川課
ダムG",広島市佐伯区五日市町大字石内,34.44083333333333,132.3675,,1
庄原ダム,ショウバラダム,庄原市,江の川,大戸川,"河川課
ダムG",庄原市川西町上川西,34.902499999999996,133.06722222222223,,1
八坂,ハッサカ,廿日市市,その他,沿岸部,砂防課,廿日市市八坂１－１２,34.26833333333333,132.23444444444442,,1
中山,ナカヤマ,廿日市市,その他,沿岸部,砂防課,廿日市市大野２１３－１,34.321111111111115,132.2836111111111,,1
矢草北,ヤグサキタ,廿日市市,その他,沿岸部,砂防課,廿日市市大野２７３４－１,34.33416666666667,132.26694444444445,,1
矢草南,ヤグサミナミ,廿日市市,その他,沿岸部,砂防課,廿日市市大野２７２５－１０,34.32777777777778,132.2511111111111,,1
奴メリ谷,ヌメリタニ,廿日市市,その他,沿岸部,砂防課,廿日市市大野１９７２－１３４,34.295833333333334,132.20027777777776,,1
戸山(国),トヤマ,広島市安佐南区,太田川,吉山川,国土交通省,広島市安佐南区沼田町阿戸字大原51-3,34.48166666666667,132.35027777777776,,1
大林(国),オオバヤシ,広島市安佐北区,太田川,根谷川,国土交通省,広島市安佐北区可部町大林字下毛山2137-2,34.56111111111111,132.55055555555558,,1
向原(国),ムカイハラ,安芸高田市,太田川,三篠川,国土交通省,安芸高田市向原町坂字松ノ木3641-4,34.6075,132.7511111111111,,1
白木(国),シラキ,広島市安佐北区,太田川,関川,国土交通省,広島市安佐北区白木町小越字関川612-4,34.550555555555555,132.66722222222222,,1
狩留家(国),カルガ,広島市安佐北区,太田川,三篠川,国土交通省,広島市安佐北区狩留家町2658,34.48583333333333,132.56805555555556,,1
湯来(国),ユキ,広島市佐伯区,太田川,水内川,国土交通省,広島市佐伯区湯来町大字麦谷字中河原1594-1,34.52444444444444,132.3013888888889,,1
大谷(国),オオタニ,広島市佐伯区,太田川,水内川,国土交通省,広島市佐伯区湯来町大字多田字上大谷44-2,34.42861111111111,132.18472222222223,,1
七曲(国),ナナマガリ,北広島町,太田川,西宗川,国土交通省,山県郡北広島町吉木字七曲4779-1,34.615,132.38472222222222,,1
加計(国),カケ,安芸太田町,太田川,太田川,国土交通省,山県郡安芸太田町加計中ノ渡,34.60888888888889,132.31694444444443,,1
飯室(国),イムロ,広島市安佐北区,太田川,太田川,国土交通省,広島市安佐北区安佐町大字飯室,34.53527777777778,132.43333333333334,,1
高瀬(国),タカセ,広島市安佐南区,太田川,安川,国土交通省,広島市安佐南区八木5-31-1,34.48027777777778,132.48472222222222,,1
広島(国),ヒロシマ,広島市中区,太田川,京橋川,国土交通省,広島市中区八丁堀3-20,34.39694444444444,132.4511111111111,,1
溝口(国),ミゾグチ,北広島町,太田川,丁川,国土交通省,山県郡北広島町溝口字大崎1151,34.705000000000005,132.36805555555557,,1
筒賀(国),ツツガ,安芸太田町,太田川,筒賀川,国土交通省,山県郡安芸太田町中筒賀,34.558055555555555,132.23472222222222,,1
南原(国),ナバラ,広島市安佐北区,太田川,南原川,国土交通省,広島市安佐北区可部町南原字無神477,34.55166666666666,132.5013888888889,,1
鈴張(国),スズハリ,広島市安佐北区,太田川,鈴張川,国土交通省,広島市安佐北区安佐町鈴張字戸木谷1567-4,34.58361111111111,132.46694444444444,,1
楢原(国),ナラハラ,廿日市市,小瀬川,玖島川,国土交通省,廿日市市玖島字楢原4323-1,34.39111111111111,132.25,,1
小河内(砂防),オガウチ,広島市安佐北区,太田川,小河内川,国土交通省,広島市安佐北区安佐町大字小河内字平原谷,34.55777777777777,132.40027777777777,,0
沢田(砂防),サワダ,広島市安佐北区,太田川,小河内川,国土交通省,広島市安佐北区安佐町大字小河内字西沢田,34.5575,132.40027777777777,,0
市川(砂防),イチカワ,広島市安佐北区,太田川,根谷川,国土交通省,広島市安佐北区白木町大字市川字宮地山,34.535,132.58416666666668,,0
くすの木台(砂防),クスノキダイ,広島市安佐北区,太田川,吉山川,国土交通省,広島市安佐北区安佐町大字くすの木台4-2,34.50527777777778,132.3836111111111,,0
毘沙門台(砂防),ビシャモンダイ,広島市安佐南区,太田川,安川,国土交通省,広島市安佐南区毘沙門台4丁目500-226,34.48444444444444,132.4511111111111,,0
深川(砂防),フカワ,広島市安佐北区,太田川,三篠川,国土交通省,広島市安佐北区深川5丁目12-1,34.488055555555555,132.51805555555558,,0
吉山(砂防),ヨシヤマ,広島市安佐南区,太田川,吉山川,国土交通省,広島市安佐南区沼田町大字吉山字影浦,34.45472222222222,132.31805555555556,,0
石内(砂防),イシウチ,広島市佐伯区,八幡川,石内川,国土交通省,広島市佐伯区五日市町大字石内字奥原3366-4,34.441111111111105,132.3511111111111,,0
温品(砂防),ヌクシナ,広島市東区,太田川,戸坂川,国土交通省,広島市東区戸坂町748,34.4375,132.5,,0
赤土地(砂防),アカドチ,広島市佐伯区,小瀬川,玖島川,国土交通省,広島市佐伯区湯来白砂字赤土地地先,34.4325,132.23472222222222,,0
地御前(砂防),ジゴゼン,廿日市市,その他,沿岸部,国土交通省,廿日市市宮内877-2,34.337500000000006,132.30027777777778,,0
矢草(砂防),ヤクサ,廿日市市,単独河川,永慶寺川,国土交通省,廿日市市大野矢草2734番地の1,34.33444444444444,132.26666666666668,,0
相田(砂防),アイタ,広島市安佐南区,太田川,安川,国土交通省,広島市安佐南区相田７丁目,34.461666666666666,132.4338888888889,,0
湯船(砂防),ユブネ,大竹市,その他,沿岸部,国土交通省,大竹市湯船町,34.253055555555555,132.21666666666667,,0
野貝原(砂防),ノガイバラ,廿日市市,単独河川,御手洗川,国土交通省,廿日市市原字川末125-1,34.37305555555555,132.2675,,0
松原(国),マツバラ,安芸太田町,太田川,松原川,国ダム,山県郡安芸太田町松原,34.66027777777778,132.23333333333332,,1
雄鹿原(国),オガワラ,北広島町,太田川,大佐川,国ダム,山県郡北広島町中祖字城岩山,34.7175,132.23416666666665,,1
上奥原(国),ウエオクハラ,北広島町,太田川,滝山川,国ダム,山県郡北広島町大字草安字野々原,34.76361111111111,132.26694444444445,,1
大暮(国),オオグレ,北広島町,太田川,大暮川,国ダム,山県郡北広島町大暮字西小屋ヶ原,34.751666666666665,132.31805555555556,,1
王泊(国),オオドマリ,北広島町,太田川,高野川,国ダム,山県郡北広島町細見字野田ヶ原361,34.70444444444445,132.3013888888889,,1
温井ダム(国),ヌクイダム,安芸太田町,太田川,太田川,国ダム,山県郡安芸太田町大字加計地先,34.635,132.30027777777778,,1
津田(国),ツダ,廿日市市,小瀬川,林川,国ダム,廿日市市津田850番地,34.37111111111111,132.1838888888889,,1
中道(国),ナカミチ,廿日市市,小瀬川,小瀬川,国ダム,廿日市市中道三島原,34.36805555555556,132.08333333333334,,1
弥栄ダム(国),ヤサカダム,大竹市,小瀬川,小瀬川,国ダム,大竹市小方町小方813-1,34.23555555555556,132.1513888888889,,1
府中(国),フチュウ,府中市,芦田川,芦田川,国土交通省,府中市府川町,34.564166666666665,133.2336111111111,,1
福山(国),フクヤマ,福山市,その他,沿岸部,国土交通省,福山市三吉町4-4-13,34.49583333333334,133.3675,,1
箕島(国),ミノシマ,福山市,芦田川,芦田川,国土交通省,福山市箕島町釣ヶ端山　367-3,34.42972222222222,133.40027777777777,,1
大谷山(国),オオタニヤマ,福山市,芦田川,河手川,国土交通省,福山市芦田町大字福田字新庄南平377-2,34.50083333333333,133.2675,,1
御調(国),ミツギ,尾道市,芦田川,八幡川,国土交通省,尾道市御調町丸門田1491-4,34.495,133.1013888888889,,1
神辺(国),カンナベ,福山市,芦田川,高屋川,国土交通省,福山市神辺町字上御領野々上1807-4,34.573888888888895,133.41666666666666,,1
駅家(国),エキヤ,福山市,芦田川,服部川,国土交通省,福山市駅家町大字服部本郷486-2,34.60027777777778,133.3011111111111,,1
賀茂(国),カモ,世羅町,芦田川,芦田川,国ダム,世羅郡世羅町大字賀茂字東坊362-2,34.57416666666667,132.98388888888888,,1
八田原(国),ハッタバラ,世羅町,芦田川,芦田川,国ダム,世羅郡世羅町大字小谷字苦谷山1100-1,34.59055555555556,133.13444444444443,,1
宇津戸(国),ウツド,世羅町,芦田川,宇津戸川,国ダム,広島県世羅郡世羅町大字宇津戸字関谷1433-2,34.55916666666666,133.1011111111111,,1
高蓋(国),タカフタ,神石高原町,芦田川,矢多田川,国ダム,神石郡神石高原町高蓋甲　565,34.67583333333333,133.20083333333332,,1
古城(国),コジョウ,府中市,芦田川,矢多田川,国ダム,府中市上下町大字矢多田字豆栗1024-4,34.65,133.13444444444443,,1
大津(国),オオツ,三次市,江の川,江の川,国土交通省,島根県邑智郡邑南町下口羽2983,34.88805555555555,132.66777777777776,,1
吉田(国),ヨシダ,安芸高田市,江の川,江の川,国土交通省,安芸高田市吉田町大字常友字西大坪1204-1,34.665277777777774,132.70138888888889,,1
高暮(国),コウボ,庄原市,江の川,神野瀬川,国土交通省,庄原市高野町高暮字本高暮山266-4,34.995,132.78444444444443,,1
美土里(国),ミドリ,安芸高田市,江の川,生田川,国土交通省,安芸高田市美土里町北字鉄木谷1121-12,34.766666666666666,132.6336111111111,,1
高宮(国),タカミヤ,安芸高田市,江の川,生田川,国土交通省,安芸高田市高宮町大字舟木字上中野郷635-3,34.781666666666666,132.73444444444442,,1
西城(国),サイジョウ,庄原市,江の川,西城川,国土交通省,庄原市西城町中野字赤羽根623-2,34.94416666666666,133.11694444444444,,1
庄原(国),ショウバラ,庄原市,江の川,西城川,国土交通省,庄原市本町字柳,34.863055555555555,133.0011111111111,,1
総領(国),ソウリョウ,庄原市,江の川,領家川,国土交通省,庄原市総領町稲草陰地2189-3,34.783055555555556,133.06666666666666,,1
吉舎(国),キサ,三次市,江の川,馬洗川,国土交通省,三次市吉舎町吉舎368,34.721944444444446,132.98416666666665,,1
津名(国),ツナ,世羅町,江の川,馬洗川,国土交通省,世羅郡世羅町西町大字下津田字町屋林393-3,34.66138888888889,132.91666666666666,,1
三次(国),ミヨシ,三次市,江の川,馬洗川,国土交通省,三次市十日市西6丁目2番1号,34.803888888888885,132.83444444444444,,1
大月(国),オオツキ,庄原市,江の川,竹地川,国土交通省,庄原市口和町大月字上岡343-2,34.915,132.88333333333333,,1
板木(国),イタキ,三次市,江の川,板木川,国土交通省,三次市三和町大字下板木字高迫12-2（下板木体育館下）,34.69333333333333,132.81805555555556,,1
比和(国),ヒワ,庄原市,江の川,比和川,国土交通省,庄原市比和町木屋原字若宮沖85-2,34.973055555555554,132.96805555555557,,1
布野(国),フノ,三次市,江の川,布野川,国土交通省,三次市布野町上布野河名原地先,34.885555555555555,132.76777777777778,,1
油木(国),ユキ,庄原市,江の川,六の原川,国土交通省,庄原市西城町油木上工人詰メ1178,35.046388888888885,133.10083333333333,,1
志路原(国),シジハラ,北広島町,江の川,志路原川,国土交通省,山県郡北広島町志路原字土井原1570-2,34.71555555555556,132.43416666666667,,1
西野(国),ニシノ,三次市,江の川,上下川,国土交通省,三次市甲奴町西野40-2,34.70861111111111,133.06722222222223,,1
上安田(国),カミヤスダ,三次市,江の川,上下川,国土交通省,三次市吉舎町上安田,34.74666666666667,133.03333333333333,,1
上領家(国),カミリョウケ,庄原市,江の川,田総川,国土交通省,庄原市総領町上領家180-1,34.802499999999995,133.11694444444444,,1
黒目(国),クロメ,庄原市,江の川,耳高川,国土交通省,庄原市総領町黒目2486-1,34.73861111111111,133.1013888888889,,1
灰塚ダム(国),ハイヅカダム,三次市,江の川,上下川,国土交通省,三次市三良坂町仁賀1575,34.78583333333333,132.9836111111111,,1
大朝(国),オオアサ,北広島町,江の川,江の川,国ダム,山県郡北広島町字平岩298-2,34.76444444444444,132.48333333333332,,1
藤原(国),トウハラ,北広島町,江の川,江の川,国ダム,山県郡北広島町川戸字藤原4562-7,34.737500000000004,132.5338888888889,,1
本地(国),ホンジ,北広島町,江の川,都合谷川,国ダム,山県郡北広島町本地字西浦2477-5,34.64222222222222,132.50055555555556,,1
土師(国),ハジ,安芸高田市,江の川,江の川,国ダム,安芸高田市八千代町土師字新開369-24,34.64416666666666,132.61722222222224,,1
東城(国),トウジョウ,庄原市,高梁川,成羽川,国土交通省,庄原市東城町川東字糸谷35-3,34.902499999999996,133.2513888888889,,1
時安(国),トキヤス,神石高原町,高梁川,矢川,国土交通省,神石郡神石高原町時安,34.697222222222216,133.3338888888889,,1
広島(気),ヒロシマ,,太田川,京橋川,気象台,広島市中区上八丁堀　広島地方気象台,34.400486,132.463394,西部建設,1
三入(気),ミイリ ,,太田川,山倉川,気象台,広島市安佐北区三入,34.533821,132.5186,西部建設,1
佐伯湯来(気),サエキユキ,,太田川,水内川,気象台,広島市佐伯区湯来町大字和田字中須賀,34.497746,132.288788,西部建設,1
大竹(気),オオタケ,,その他,沿岸部,気象台,大竹市立戸,34.222763,132.218582,廿日市支所,1
廿日市津田(気),ハツカイチツタ,,小瀬川,林川,気象台,廿日市市津田,34.370487,132.175842,廿日市支所,1
呉(気),クレ,,二河川,二河川,気象台,呉市宝町　呉特別地域気象観測所,34.243469,132.555832,呉支所,1
倉橋(気),クラハシ,,その他,沿岸部,気象台,呉市倉橋町本浦,34.11771,132.502457,呉支所,1
呉市蒲刈(気),クレシカマガリ,,その他,沿岸部,気象台,呉市蒲刈町大浦字前沖浦,34.17598,132.743057,呉支所,1
竹原(気),タケハラ,,その他,沿岸部,気象台,竹原市忠海町,34.3438,132.974136,東広島支所,1
志和(気),シワ,,太田川,関川,気象台,東広島市志和町志和堀,34.513519,132.67424,東広島支所,1
東広島(気),ヒガシヒロシマ,,黒瀬川,番蔵川,気象台,東広島市八本松町原,34.417465,132.683609,東広島支所,1
安宿(気),アスカ,,沼田川,椋梨川,気象台,東広島市豊栄町安宿,34.565536,132.85672,東広島支所,1
本郷(気),ホンゴウ,,沼田川,善入寺川,気象台,三原市本郷町善入寺平岩　広島空港出張所,34.436947,132.915253,三原支所,1
生口島(気),イクチジマ,,その他,沿岸部,気象台,尾道市瀬戸田町御寺,34.283779,133.11351,三原支所,1
福山(気),フクヤマ,,本郷川,本郷川,気象台,福山市松永町　福山特別地域気象観測所,34.451309,133.259186,東部建設,1
上下(気),ジョウゲ,,江の川,上下川,気象台,府中市上下町上下,34.698009,133.13327,東部建設,1
府中(気),フチュウ,,芦田川,芦田川,気象台,府中市土生町,34.562798,133.226715,東部建設,1
世羅(気),セラ,,芦田川,神崎川,気象台,世羅郡世羅町大字東神崎字大田,34.569267,133.048264,三原支所,1
油木(気),ユキ,,高梁川,安田川,気象台,神石郡神石高原町安田伊ノ平谷,34.750546,133.260773,東部建設,1
君田(気),キミタ,,江の川,神野瀬川,気象台,三次市君田町櫃田字市井谷,34.952118,132.810547,北部建設,1
三次(気),ミヨシ,,江の川,西城川,気象台,三次市三次町,34.819317,132.850388,北部建設,1
高野(気),タカノ,,江の川,神野瀬川,気象台,庄原市高野町新市,35.054745,132.93309,庄原支所,1
庄原(気),ショウバラ,,江の川,西城川,気象台,庄原市東本町,34.856709,133.023376,庄原支所,1
東城(気),トウジョウ,,高梁川,福代川,気象台,庄原市東城町川東,34.901745,133.284256,庄原支所,1
道後山(気),ドウゴヤマ,,高梁川,道後川,気象台,庄原市西城町三坂,35.051163,133.19841,庄原支所,1
美土里(気),ミドリ,,江の川,本村川,気象台,安芸高田市美土里町横田,34.721344,132.661362,西部建設,1
甲田(気),コウダ,,江の川,大土川,気象台,安芸高田市甲田町高田原,34.679729,132.794861,西部建設,1
加計(気),カケ,,太田川,太田川,気象台,山県郡安芸太田町加計字神田,34.609978,132.322021,安芸太田支所,1
内黒山(気),ウチグロヤマ,,太田川,柴木川,気象台,山県郡安芸太田町大字横川字横川東平,34.591713,132.14798,安芸太田支所,1
都志見(気),ツシミ,,太田川,吉木川,気象台,山県郡北広島町都志見,34.647644,132.429581,安芸太田支所,1
王泊(気),オオドマリ,,太田川,滝山川,気象台,山県郡北広島町細見,34.729439,132.314102,安芸太田支所,1
八幡(気),ヤハタ,,太田川,柴木川,気象台,山県郡北広島町東八幡原,34.709293,132.178879,安芸太田支所,1
大朝(気),オオアサ,,江の川,江の川,気象台,山県郡北広島町大朝字大坪,34.775841,132.462433,安芸太田支所,1
